{"num_features": 13, "num_attributes": 45, "geometry_stats": {"geometry_type": "Polygon", "crs": "EPSG:3857", "extent": [8339326.430500004, 3053706.041900009, 8492162.245100003, 3231420.1398000047], "area": 14082357625.261063, "length": 2786951.2704093694}}